supplier_id,supplier_name,region,product_id,unit_cost,moq,capacity,lead_time_days,reliability_score,latitude,longitude,transport_cost_per_km
SUP001,ABC Supplies,Chennai-North,P001,80.25,110,430,3,0.955,13.086,80.2253,2.46
SUP002,XYZ Supplies,Chennai-North,P001,80.96,110,360,5,0.919,13.0757,80.2512,2.43
SUP003,Global Supplies,Chennai-North,P001,88.37,50,740,2,0.972,13.1212,80.2287,2.12
SUP004,Metro Distributors,Chennai-North,P001,92.17,70,320,5,0.928,13.1238,80.2006,2.77
SUP005,Prime Wholesale,Chennai-North,P001,81.4,160,680,5,0.947,13.0815,80.2638,1.92
SUP006,ABC Supplies,Chennai-North,P002,80.43,90,440,3,0.971,13.0937,80.1656,2.66
SUP007,XYZ Supplies,Chennai-North,P002,79.65,100,360,4,0.954,13.123,80.251,2.26
SUP008,Global Supplies,Chennai-North,P002,83.51,60,770,2,0.988,13.124,80.1864,2.19
SUP009,Metro Distributors,Chennai-North,P002,89.5,80,280,5,0.93,13.0395,80.3073,2.98
SUP010,Prime Wholesale,Chennai-North,P002,85.03,160,560,6,0.963,13.061,80.2454,2.07
SUP011,ABC Supplies,Chennai-North,P003,56.07,100,470,3,0.954,13.0868,80.2629,2.37
SUP012,XYZ Supplies,Chennai-North,P003,54.36,110,460,4,0.937,13.104,80.2771,2.43
SUP013,Global Supplies,Chennai-North,P003,59.9,60,750,1,0.962,13.1127,80.2727,2.31
SUP014,Metro Distributors,Chennai-North,P003,61.15,70,270,4,0.877,13.14,80.2385,2.46
SUP015,Prime Wholesale,Chennai-North,P003,57.31,140,710,6,0.946,13.0799,80.2628,2.3
SUP016,ABC Supplies,Chennai-North,P004,142.01,120,420,2,0.932,13.1083,80.2792,2.77
SUP017,XYZ Supplies,Chennai-North,P004,136.9,120,350,5,0.93,13.087,80.2736,2.37
SUP018,Global Supplies,Chennai-North,P004,144.01,60,840,2,0.993,13.1049,80.2486,2.24
SUP019,Metro Distributors,Chennai-North,P004,154.05,80,270,4,0.899,13.1302,80.2674,2.5
SUP020,Prime Wholesale,Chennai-North,P004,143.11,180,650,6,0.942,13.0928,80.298,2.03
SUP021,ABC Supplies,Chennai-North,P005,88.83,90,520,3,0.957,13.1027,80.2208,2.42
SUP022,XYZ Supplies,Chennai-North,P005,83.14,90,320,5,0.948,13.1527,80.2471,2.44
SUP023,Global Supplies,Chennai-North,P005,90.1,50,810,2,0.98,13.0141,80.2236,2.04
SUP024,Metro Distributors,Chennai-North,P005,88.83,70,310,3,0.889,13.1102,80.2735,2.6
SUP025,Prime Wholesale,Chennai-North,P005,83.64,150,770,5,0.959,13.0943,80.1961,1.9
SUP026,ABC Supplies,Chennai-North,P006,59.41,100,410,2,0.957,13.1094,80.2363,2.78
SUP027,XYZ Supplies,Chennai-North,P006,58.83,110,390,4,0.938,13.1024,80.2286,2.37
SUP028,Global Supplies,Chennai-North,P006,61.38,50,740,2,0.971,13.1228,80.3048,2.44
SUP029,Metro Distributors,Chennai-North,P006,68.95,80,290,4,0.919,13.0729,80.1962,2.58
SUP030,Prime Wholesale,Chennai-North,P006,62.8,160,630,6,0.977,13.0568,80.2438,2.19
SUP031,ABC Supplies,Chennai-North,P007,193.43,120,520,3,0.941,13.0952,80.2634,2.43
SUP032,XYZ Supplies,Chennai-North,P007,202.06,120,430,6,0.913,13.1173,80.2479,2.27
SUP033,Global Supplies,Chennai-North,P007,208.18,50,810,2,0.981,13.0911,80.2621,2.05
SUP034,Metro Distributors,Chennai-North,P007,216.74,80,300,4,0.887,13.0459,80.2664,2.48
SUP035,Prime Wholesale,Chennai-North,P007,210.34,170,710,6,0.967,13.1887,80.2648,2.34
SUP036,ABC Supplies,Chennai-North,P008,45.15,110,580,2,0.957,13.1371,80.2737,2.32
SUP037,XYZ Supplies,Chennai-North,P008,43.77,100,450,5,0.924,13.0563,80.2845,2.28
SUP038,Global Supplies,Chennai-North,P008,47.73,40,720,1,0.964,13.0592,80.178,2.41
SUP039,Metro Distributors,Chennai-North,P008,47.46,70,350,3,0.928,13.0893,80.2659,2.82
SUP040,Prime Wholesale,Chennai-North,P008,43.26,170,760,5,0.958,13.0824,80.2784,2.14
SUP041,ABC Supplies,Chennai-North,P009,109.62,100,430,3,0.961,13.0235,80.2149,2.54
SUP042,XYZ Supplies,Chennai-North,P009,103.4,100,470,5,0.943,13.0961,80.1962,2.64
SUP043,Global Supplies,Chennai-North,P009,119.12,50,850,2,0.995,13.108,80.2352,2.25
SUP044,Metro Distributors,Chennai-North,P009,118.25,90,260,4,0.888,13.1221,80.2852,2.59
SUP045,Prime Wholesale,Chennai-North,P009,108.01,130,590,5,0.938,13.0853,80.2352,2.09
SUP046,ABC Supplies,Chennai-North,P010,81.82,90,540,3,0.973,13.0618,80.2161,2.34
SUP047,XYZ Supplies,Chennai-North,P010,79.02,100,460,4,0.92,13.124,80.2263,2.35
SUP048,Global Supplies,Chennai-North,P010,86.23,50,700,1,0.983,13.1078,80.2915,2.29
SUP049,Metro Distributors,Chennai-North,P010,87.42,70,250,3,0.878,13.0811,80.222,2.72
SUP050,Prime Wholesale,Chennai-North,P010,82.5,150,740,6,0.973,13.103,80.2213,2.3
SUP051,ABC Supplies,Chennai-West,P001,57.41,110,480,3,0.986,13.0571,80.1977,2.68
SUP052,XYZ Supplies,Chennai-West,P001,52.76,120,350,4,0.933,13.0024,80.1139,2.28
SUP053,Global Supplies,Chennai-West,P001,55.73,50,820,2,0.985,13.0466,80.1925,2.2
SUP054,Metro Distributors,Chennai-West,P001,65.0,70,350,5,0.893,13.029,80.174,2.67
SUP055,Prime Wholesale,Chennai-West,P001,59.24,150,560,5,0.954,12.987,80.1261,2.06
SUP056,ABC Supplies,Chennai-West,P002,121.06,110,480,4,0.948,13.0581,80.1795,2.55
SUP057,XYZ Supplies,Chennai-West,P002,118.35,100,420,5,0.935,13.0861,80.2062,2.28
SUP058,Global Supplies,Chennai-West,P002,134.76,60,640,2,0.993,13.0396,80.1477,2.42
SUP059,Metro Distributors,Chennai-West,P002,134.68,70,240,3,0.897,12.9647,80.2857,2.83
SUP060,Prime Wholesale,Chennai-West,P002,130.5,160,600,7,0.947,13.0743,80.1491,1.94
SUP061,ABC Supplies,Chennai-West,P003,41.49,100,420,2,0.946,13.0885,80.2128,2.63
SUP062,XYZ Supplies,Chennai-West,P003,39.2,90,460,6,0.913,13.1257,80.1999,2.41
SUP063,Global Supplies,Chennai-West,P003,43.03,50,830,2,0.987,13.0144,80.1346,2.12
SUP064,Metro Distributors,Chennai-West,P003,46.56,70,310,4,0.904,13.0465,80.1156,2.7
SUP065,Prime Wholesale,Chennai-West,P003,41.94,150,780,7,0.938,13.0424,80.1813,1.95
SUP066,ABC Supplies,Chennai-West,P004,135.01,110,560,3,0.932,13.0391,80.1455,2.31
SUP067,XYZ Supplies,Chennai-West,P004,131.48,110,460,5,0.923,13.1151,80.1712,2.66
SUP068,Global Supplies,Chennai-West,P004,137.48,60,700,2,0.972,13.0576,80.2011,2.46
SUP069,Metro Distributors,Chennai-West,P004,150.96,70,270,4,0.892,13.0392,80.1779,2.53
SUP070,Prime Wholesale,Chennai-West,P004,136.02,150,760,6,0.917,13.0648,80.1581,2.25
SUP071,ABC Supplies,Chennai-West,P005,80.94,100,550,4,0.994,13.0381,80.1838,2.74
SUP072,XYZ Supplies,Chennai-West,P005,77.86,120,450,5,0.946,13.0205,80.2045,2.4
SUP073,Global Supplies,Chennai-West,P005,87.33,40,740,3,0.995,13.0257,80.1817,2.02
SUP074,Metro Distributors,Chennai-West,P005,85.15,90,250,4,0.884,12.9668,80.1893,2.72
SUP075,Prime Wholesale,Chennai-West,P005,88.17,140,610,7,0.985,13.0225,80.2181,1.99
SUP076,ABC Supplies,Chennai-West,P006,66.89,100,540,3,0.957,13.0355,80.1766,2.67
SUP077,XYZ Supplies,Chennai-West,P006,65.08,100,420,4,0.915,13.0502,80.25,2.52
SUP078,Global Supplies,Chennai-West,P006,69.17,60,660,2,0.988,13.0322,80.2185,2.4
SUP079,Metro Distributors,Chennai-West,P006,69.89,80,260,4,0.905,13.0696,80.1665,2.56
SUP080,Prime Wholesale,Chennai-West,P006,66.67,180,660,6,0.975,13.0722,80.1746,1.92
SUP081,ABC Supplies,Chennai-West,P007,183.54,120,540,3,0.95,13.0054,80.2204,2.58
SUP082,XYZ Supplies,Chennai-West,P007,170.33,100,440,5,0.928,13.0816,80.1891,2.42
SUP083,Global Supplies,Chennai-West,P007,191.62,50,810,3,0.995,13.0391,80.1367,2.41
SUP084,Metro Distributors,Chennai-West,P007,198.08,80,360,4,0.9,13.1008,80.1319,2.68
SUP085,Prime Wholesale,Chennai-West,P007,183.61,170,780,6,0.963,13.0221,80.1843,2.32
SUP086,ABC Supplies,Chennai-West,P008,65.51,110,530,3,0.94,13.0643,80.1496,2.44
SUP087,XYZ Supplies,Chennai-West,P008,59.08,110,390,5,0.95,13.0299,80.2068,2.58
SUP088,Global Supplies,Chennai-West,P008,68.91,50,790,2,0.975,13.0278,80.182,2.46
SUP089,Metro Distributors,Chennai-West,P008,70.15,80,290,4,0.924,13.0278,80.1572,2.97
SUP090,Prime Wholesale,Chennai-West,P008,65.58,160,710,5,0.944,13.0262,80.2267,2.17
SUP091,ABC Supplies,Chennai-West,P009,160.9,110,550,4,0.991,13.1252,80.1664,2.61
SUP092,XYZ Supplies,Chennai-West,P009,157.21,110,340,5,0.931,13.0915,80.081,2.51
SUP093,Global Supplies,Chennai-West,P009,171.1,60,910,2,0.948,13.066,80.1405,2.07
SUP094,Metro Distributors,Chennai-West,P009,167.61,70,290,5,0.913,12.9627,80.1551,2.65
SUP095,Prime Wholesale,Chennai-West,P009,163.85,130,770,5,0.942,13.0668,80.2376,2.19
SUP096,ABC Supplies,Chennai-West,P010,78.09,110,450,4,0.96,13.0826,80.1533,2.52
SUP097,XYZ Supplies,Chennai-West,P010,71.2,100,440,5,0.911,13.0462,80.1808,2.42
SUP098,Global Supplies,Chennai-West,P010,77.19,60,910,3,0.976,13.0646,80.2073,2.22
SUP099,Metro Distributors,Chennai-West,P010,78.56,80,270,4,0.925,13.0448,80.1855,2.93
SUP100,Prime Wholesale,Chennai-West,P010,77.04,140,590,6,0.946,13.0147,80.1535,2.33
SUP101,ABC Supplies,Chennai-South,P001,73.07,110,410,2,0.958,12.9918,80.2035,2.26
SUP102,XYZ Supplies,Chennai-South,P001,71.76,90,370,5,0.941,12.9162,80.2044,2.51
SUP103,Global Supplies,Chennai-South,P001,77.5,50,790,2,0.956,12.9955,80.2028,2.02
SUP104,Metro Distributors,Chennai-South,P001,79.66,70,310,4,0.94,13.001,80.2533,2.6
SUP105,Prime Wholesale,Chennai-South,P001,75.56,170,540,6,0.957,12.9543,80.235,2.22
SUP106,ABC Supplies,Chennai-South,P002,109.78,90,580,2,0.963,12.9409,80.2446,2.49
SUP107,XYZ Supplies,Chennai-South,P002,109.97,120,460,4,0.922,12.9491,80.2356,2.57
SUP108,Global Supplies,Chennai-South,P002,119.25,50,660,2,0.995,12.9086,80.2075,2.38
SUP109,Metro Distributors,Chennai-South,P002,123.16,80,340,4,0.891,12.8637,80.2494,2.97
SUP110,Prime Wholesale,Chennai-South,P002,117.9,160,680,6,0.958,12.9304,80.2255,2.16
SUP111,ABC Supplies,Chennai-South,P003,45.11,90,600,2,0.972,12.8552,80.2175,2.26
SUP112,XYZ Supplies,Chennai-South,P003,44.37,100,370,5,0.894,12.9108,80.185,2.21
SUP113,Global Supplies,Chennai-South,P003,48.2,40,810,3,0.974,12.923,80.2445,2.44
SUP114,Metro Distributors,Chennai-South,P003,48.05,70,250,5,0.903,12.9402,80.1997,2.58
SUP115,Prime Wholesale,Chennai-South,P003,45.11,150,660,5,0.976,12.9012,80.2355,2.22
SUP116,ABC Supplies,Chennai-South,P004,183.68,90,520,4,0.945,12.8966,80.2083,2.45
SUP117,XYZ Supplies,Chennai-South,P004,181.88,100,370,6,0.926,12.9212,80.232,2.55
SUP118,Global Supplies,Chennai-South,P004,186.0,50,820,3,0.995,12.9798,80.1684,2.29
SUP119,Metro Distributors,Chennai-South,P004,192.83,80,330,4,0.883,12.9822,80.2375,3.0
SUP120,Prime Wholesale,Chennai-South,P004,191.19,150,550,7,0.946,12.9219,80.1821,2.28
SUP121,ABC Supplies,Chennai-South,P005,75.26,120,400,3,0.952,12.908,80.1471,2.48
SUP122,XYZ Supplies,Chennai-South,P005,74.93,100,390,5,0.94,12.9452,80.1894,2.67
SUP123,Global Supplies,Chennai-South,P005,72.53,60,840,3,0.976,12.9058,80.2305,2.3
SUP124,Metro Distributors,Chennai-South,P005,76.47,90,330,5,0.915,12.8869,80.1736,2.57
SUP125,Prime Wholesale,Chennai-South,P005,74.1,140,650,6,0.965,12.9789,80.2802,2.33
SUP126,ABC Supplies,Chennai-South,P006,67.11,100,430,3,0.95,12.9275,80.1913,2.39
SUP127,XYZ Supplies,Chennai-South,P006,63.53,110,350,6,0.951,12.951,80.2507,2.26
SUP128,Global Supplies,Chennai-South,P006,67.92,50,960,2,0.995,12.9356,80.2065,2.11
SUP129,Metro Distributors,Chennai-South,P006,72.63,70,320,4,0.896,12.9527,80.2682,2.44
SUP130,Prime Wholesale,Chennai-South,P006,67.42,180,690,6,0.971,12.8755,80.2009,2.3
SUP131,ABC Supplies,Chennai-South,P007,165.18,90,580,2,0.962,12.9986,80.2113,2.29
SUP132,XYZ Supplies,Chennai-South,P007,168.35,90,390,6,0.94,12.8901,80.2613,2.17
SUP133,Global Supplies,Chennai-South,P007,188.75,40,910,2,0.995,12.9574,80.1977,1.98
SUP134,Metro Distributors,Chennai-South,P007,196.63,80,360,3,0.886,12.8647,80.2863,2.48
SUP135,Prime Wholesale,Chennai-South,P007,189.61,180,690,7,0.958,12.9194,80.2199,2.29
SUP136,ABC Supplies,Chennai-South,P008,52.15,110,570,4,0.973,12.9461,80.2491,2.48
SUP137,XYZ Supplies,Chennai-South,P008,49.51,110,430,5,0.937,12.8959,80.2419,2.25
SUP138,Global Supplies,Chennai-South,P008,54.84,50,920,1,0.995,12.9598,80.2313,2.26
SUP139,Metro Distributors,Chennai-South,P008,55.12,70,280,4,0.884,12.9292,80.1984,2.9
SUP140,Prime Wholesale,Chennai-South,P008,53.42,150,710,6,0.946,12.9592,80.1591,2.17
SUP141,ABC Supplies,Chennai-South,P009,127.06,100,510,2,0.947,12.9042,80.1796,2.52
SUP142,XYZ Supplies,Chennai-South,P009,114.04,120,420,5,0.93,12.9068,80.2164,2.66
SUP143,Global Supplies,Chennai-South,P009,126.5,50,930,2,0.994,12.9306,80.2449,2.03
SUP144,Metro Distributors,Chennai-South,P009,133.67,90,280,4,0.909,12.9366,80.2414,2.64
SUP145,Prime Wholesale,Chennai-South,P009,122.14,140,530,6,0.919,12.9249,80.2494,2.31
SUP146,ABC Supplies,Chennai-South,P010,80.04,100,540,3,0.961,12.9824,80.2533,2.27
SUP147,XYZ Supplies,Chennai-South,P010,78.69,90,470,5,0.911,12.926,80.2293,2.57
SUP148,Global Supplies,Chennai-South,P010,83.2,50,710,2,0.956,12.9198,80.155,2.39
SUP149,Metro Distributors,Chennai-South,P010,86.72,80,320,4,0.917,12.9694,80.1874,2.77
SUP150,Prime Wholesale,Chennai-South,P010,77.33,140,670,6,0.948,12.9001,80.2041,1.99
SUP151,ABC Supplies,Chennai-Central,P001,67.71,100,440,2,0.964,13.0537,80.2605,2.78
SUP152,XYZ Supplies,Chennai-Central,P001,68.01,110,370,6,0.957,13.0537,80.2965,2.35
SUP153,Global Supplies,Chennai-Central,P001,70.35,50,790,3,0.972,13.0505,80.3013,2.28
SUP154,Metro Distributors,Chennai-Central,P001,78.91,80,320,4,0.93,13.0563,80.2619,2.47
SUP155,Prime Wholesale,Chennai-Central,P001,69.85,170,630,7,0.951,13.0765,80.3057,2.16
SUP156,ABC Supplies,Chennai-Central,P002,117.41,90,580,2,0.943,13.0556,80.2705,2.67
SUP157,XYZ Supplies,Chennai-Central,P002,111.88,120,330,6,0.926,13.0656,80.2437,2.68
SUP158,Global Supplies,Chennai-Central,P002,121.17,50,700,3,0.995,13.114,80.3207,2.03
SUP159,Metro Distributors,Chennai-Central,P002,128.82,80,240,5,0.914,13.0825,80.2283,2.75
SUP160,Prime Wholesale,Chennai-Central,P002,120.5,160,560,5,0.927,13.0456,80.2653,2.21
SUP161,ABC Supplies,Chennai-Central,P003,48.69,100,430,3,0.945,13.0612,80.2299,2.68
SUP162,XYZ Supplies,Chennai-Central,P003,48.03,110,460,5,0.916,13.0558,80.2561,2.17
SUP163,Global Supplies,Chennai-Central,P003,50.92,60,850,3,0.985,13.0534,80.3128,2.32
SUP164,Metro Distributors,Chennai-Central,P003,54.75,70,280,4,0.922,13.055,80.3018,3.01
SUP165,Prime Wholesale,Chennai-Central,P003,49.9,150,710,6,0.933,13.0473,80.2152,2.14
SUP166,ABC Supplies,Chennai-Central,P004,159.04,110,400,3,0.968,13.0803,80.2193,2.64
SUP167,XYZ Supplies,Chennai-Central,P004,158.26,100,360,6,0.907,13.0339,80.2308,2.67
SUP168,Global Supplies,Chennai-Central,P004,161.78,50,790,1,0.99,13.076,80.2995,2.4
SUP169,Metro Distributors,Chennai-Central,P004,171.4,70,260,4,0.923,13.0505,80.2893,2.91
SUP170,Prime Wholesale,Chennai-Central,P004,160.38,170,740,6,0.927,13.0409,80.2229,2.33
SUP171,ABC Supplies,Chennai-Central,P005,78.36,90,420,3,0.961,13.0879,80.2906,2.36
SUP172,XYZ Supplies,Chennai-Central,P005,75.92,110,480,5,0.894,13.0618,80.3248,2.57
SUP173,Global Supplies,Chennai-Central,P005,78.58,50,840,1,0.995,13.0262,80.2809,2.43
SUP174,Metro Distributors,Chennai-Central,P005,85.08,90,270,4,0.902,13.0978,80.2408,2.7
SUP175,Prime Wholesale,Chennai-Central,P005,78.07,130,620,6,0.961,13.0438,80.2805,2.16
SUP176,ABC Supplies,Chennai-Central,P006,47.59,110,580,3,0.966,13.0552,80.3096,2.65
SUP177,XYZ Supplies,Chennai-Central,P006,45.07,110,340,5,0.928,13.0768,80.2589,2.22
SUP178,Global Supplies,Chennai-Central,P006,47.8,50,850,2,0.993,13.0158,80.2791,1.99
SUP179,Metro Distributors,Chennai-Central,P006,47.54,70,320,3,0.92,13.0543,80.3098,2.64
SUP180,Prime Wholesale,Chennai-Central,P006,48.5,150,770,7,0.961,13.073,80.3002,1.9
SUP181,ABC Supplies,Chennai-Central,P007,177.64,110,500,3,0.955,13.0472,80.31,2.53
SUP182,XYZ Supplies,Chennai-Central,P007,176.83,110,400,5,0.902,13.0887,80.2566,2.49
SUP183,Global Supplies,Chennai-Central,P007,181.87,50,730,3,0.995,13.0357,80.2314,2.35
SUP184,Metro Distributors,Chennai-Central,P007,193.42,80,260,5,0.913,13.0649,80.2794,2.86
SUP185,Prime Wholesale,Chennai-Central,P007,179.09,130,640,6,0.977,13.0312,80.2526,2.18
SUP186,ABC Supplies,Chennai-Central,P008,45.34,110,440,2,0.952,13.0231,80.2935,2.33
SUP187,XYZ Supplies,Chennai-Central,P008,44.18,90,460,5,0.935,13.0699,80.2875,2.6
SUP188,Global Supplies,Chennai-Central,P008,47.02,50,740,3,0.99,13.0,80.297,2.23
SUP189,Metro Distributors,Chennai-Central,P008,51.0,90,300,4,0.939,13.0523,80.2097,2.89
SUP190,Prime Wholesale,Chennai-Central,P008,46.01,170,740,7,0.979,13.0815,80.2738,2.07
SUP191,ABC Supplies,Chennai-Central,P009,167.71,110,480,3,0.965,13.0149,80.2839,2.31
SUP192,XYZ Supplies,Chennai-Central,P009,157.27,110,480,5,0.92,13.0665,80.2367,2.27
SUP193,Global Supplies,Chennai-Central,P009,166.73,40,850,1,0.971,13.0975,80.2697,2.42
SUP194,Metro Distributors,Chennai-Central,P009,179.17,80,310,3,0.917,13.0747,80.2388,3.01
SUP195,Prime Wholesale,Chennai-Central,P009,166.44,150,640,5,0.976,13.0935,80.2412,2.26
SUP196,ABC Supplies,Chennai-Central,P010,65.7,90,430,2,0.941,13.0515,80.2449,2.39
SUP197,XYZ Supplies,Chennai-Central,P010,65.45,90,340,5,0.941,13.0705,80.2653,2.6
SUP198,Global Supplies,Chennai-Central,P010,70.58,40,770,1,0.973,13.015,80.2105,2.11
SUP199,Metro Distributors,Chennai-Central,P010,72.97,70,290,4,0.903,13.0945,80.3165,2.76
SUP200,Prime Wholesale,Chennai-Central,P010,67.36,180,620,5,0.974,12.994,80.2673,2.07
