inventory_id,region,store_id,product_id,current_stock,reserved_stock,incoming_quantity,safety_stock,storage_capacity
INV00001,Chennai-North,ST001,P001,46,4,30,39,500
INV00002,Chennai-North,ST001,P002,40,7,0,32,500
INV00003,Chennai-North,ST001,P003,62,11,30,52,400
INV00004,Chennai-North,ST001,P004,53,1,20,20,1000
INV00005,Chennai-North,ST001,P005,86,4,0,24,400
INV00006,Chennai-North,ST001,P006,75,4,0,52,400
INV00007,Chennai-North,ST001,P007,40,3,0,19,500
INV00008,Chennai-North,ST001,P008,97,3,75,37,600
INV00009,Chennai-North,ST001,P009,59,4,100,23,1000
INV00010,Chennai-North,ST001,P010,87,9,20,35,1000
INV00011,Chennai-North,ST002,P001,77,7,100,29,600
INV00012,Chennai-North,ST002,P002,39,4,30,22,600
INV00013,Chennai-North,ST002,P003,58,6,30,36,500
INV00014,Chennai-North,ST002,P004,22,4,30,21,600
INV00015,Chennai-North,ST002,P005,70,2,0,18,300
INV00016,Chennai-North,ST002,P006,121,11,50,33,600
INV00017,Chennai-North,ST002,P007,35,1,0,10,600
INV00018,Chennai-North,ST002,P008,54,5,75,39,400
INV00019,Chennai-North,ST002,P009,37,3,50,17,500
INV00020,Chennai-North,ST002,P010,58,7,75,34,400
INV00021,Chennai-West,ST003,P001,47,10,30,31,1000
INV00022,Chennai-West,ST003,P002,49,8,0,29,500
INV00023,Chennai-West,ST003,P003,68,7,50,39,750
INV00024,Chennai-West,ST003,P004,51,1,0,26,1000
INV00025,Chennai-West,ST003,P005,69,5,40,31,600
INV00026,Chennai-West,ST003,P006,136,11,0,49,300
INV00027,Chennai-West,ST003,P007,30,4,100,15,300
INV00028,Chennai-West,ST003,P008,114,10,0,32,400
INV00029,Chennai-West,ST003,P009,66,6,20,26,1000
INV00030,Chennai-West,ST003,P010,59,9,75,41,400
INV00031,Chennai-West,ST004,P001,79,8,0,25,500
INV00032,Chennai-West,ST004,P002,26,4,100,19,400
INV00033,Chennai-West,ST004,P003,99,7,30,42,600
INV00034,Chennai-West,ST004,P004,39,2,0,12,1000
INV00035,Chennai-West,ST004,P005,54,2,75,24,500
INV00036,Chennai-West,ST004,P006,117,4,40,33,400
INV00037,Chennai-West,ST004,P007,23,3,50,10,750
INV00038,Chennai-West,ST004,P008,47,4,40,37,600
INV00039,Chennai-West,ST004,P009,28,4,0,15,300
INV00040,Chennai-West,ST004,P010,56,7,40,18,1000
INV00041,Chennai-South,ST005,P001,83,9,100,33,1000
INV00042,Chennai-South,ST005,P002,67,4,0,25,750
INV00043,Chennai-South,ST005,P003,57,4,20,54,600
INV00044,Chennai-South,ST005,P004,42,1,40,24,600
INV00045,Chennai-South,ST005,P005,39,7,100,37,500
INV00046,Chennai-South,ST005,P006,122,9,100,37,600
INV00047,Chennai-South,ST005,P007,41,1,30,11,500
INV00048,Chennai-South,ST005,P008,108,2,75,29,500
INV00049,Chennai-South,ST005,P009,64,1,20,16,500
INV00050,Chennai-South,ST005,P010,60,6,100,27,1000
INV00051,Chennai-South,ST006,P001,67,1,40,25,1000
INV00052,Chennai-South,ST006,P002,31,2,0,27,1000
INV00053,Chennai-South,ST006,P003,116,11,0,37,750
INV00054,Chennai-South,ST006,P004,52,4,0,16,500
INV00055,Chennai-South,ST006,P005,74,6,0,22,400
INV00056,Chennai-South,ST006,P006,123,12,0,47,500
INV00057,Chennai-South,ST006,P007,22,3,0,10,600
INV00058,Chennai-South,ST006,P008,58,7,0,33,750
INV00059,Chennai-South,ST006,P009,29,6,100,19,500
INV00060,Chennai-South,ST006,P010,42,3,100,25,400
INV00061,Chennai-Central,ST007,P001,61,6,0,40,300
INV00062,Chennai-Central,ST007,P002,34,7,40,24,400
INV00063,Chennai-Central,ST007,P003,83,6,50,51,300
INV00064,Chennai-Central,ST007,P004,32,7,0,22,300
INV00065,Chennai-Central,ST007,P005,90,1,75,32,400
INV00066,Chennai-Central,ST007,P006,155,17,40,45,1000
INV00067,Chennai-Central,ST007,P007,33,2,50,12,500
INV00068,Chennai-Central,ST007,P008,97,9,100,52,400
INV00069,Chennai-Central,ST007,P009,62,4,0,25,600
INV00070,Chennai-Central,ST007,P010,59,10,75,34,500
INV00071,Chennai-Central,ST008,P001,50,2,30,27,750
INV00072,Chennai-Central,ST008,P002,24,2,40,22,500
INV00073,Chennai-Central,ST008,P003,75,4,30,24,300
INV00074,Chennai-Central,ST008,P004,25,3,40,14,1000
INV00075,Chennai-Central,ST008,P005,50,5,30,26,400
INV00076,Chennai-Central,ST008,P006,54,3,0,42,1000
INV00077,Chennai-Central,ST008,P007,29,2,0,10,500
INV00078,Chennai-Central,ST008,P008,65,1,40,26,300
INV00079,Chennai-Central,ST008,P009,39,2,75,21,750
INV00080,Chennai-Central,ST008,P010,48,3,100,28,750
